PRAGMA foreign_keys=OFF;
BEGIN TRANSACTION;
CREATE TABLE "schema_migrations" ("version" varchar NOT NULL PRIMARY KEY);
INSERT INTO "schema_migrations" VALUES('20180727092141');
INSERT INTO "schema_migrations" VALUES('20180728070529');
INSERT INTO "schema_migrations" VALUES('20180728071433');
INSERT INTO "schema_migrations" VALUES('20180728071843');
INSERT INTO "schema_migrations" VALUES('20180728072142');
INSERT INTO "schema_migrations" VALUES('20180728072541');
INSERT INTO "schema_migrations" VALUES('20180728074347');
INSERT INTO "schema_migrations" VALUES('20180728074509');
INSERT INTO "schema_migrations" VALUES('20181730070845');
INSERT INTO "schema_migrations" VALUES('20181730070846');
INSERT INTO "schema_migrations" VALUES('20181730070847');
INSERT INTO "schema_migrations" VALUES('20181730070848');
INSERT INTO "schema_migrations" VALUES('20181730070849');
INSERT INTO "schema_migrations" VALUES('20181730070850');
INSERT INTO "schema_migrations" VALUES('20181730070851');
INSERT INTO "schema_migrations" VALUES('20181730070852');
INSERT INTO "schema_migrations" VALUES('20181730070853');
INSERT INTO "schema_migrations" VALUES('20181730070854');
INSERT INTO "schema_migrations" VALUES('20181730070855');
INSERT INTO "schema_migrations" VALUES('20181730070856');
INSERT INTO "schema_migrations" VALUES('20181730070857');
INSERT INTO "schema_migrations" VALUES('20181730070858');
INSERT INTO "schema_migrations" VALUES('20181730070859');
INSERT INTO "schema_migrations" VALUES('20181730070860');
INSERT INTO "schema_migrations" VALUES('20181730070861');
INSERT INTO "schema_migrations" VALUES('20181730070862');
INSERT INTO "schema_migrations" VALUES('20181730070863');
INSERT INTO "schema_migrations" VALUES('20181730070864');
INSERT INTO "schema_migrations" VALUES('20181730070865');
INSERT INTO "schema_migrations" VALUES('20181730070866');
INSERT INTO "schema_migrations" VALUES('20181730070867');
INSERT INTO "schema_migrations" VALUES('20181730070869');
INSERT INTO "schema_migrations" VALUES('20181730070870');
INSERT INTO "schema_migrations" VALUES('20181730070868');
CREATE TABLE "ar_internal_metadata" ("key" varchar NOT NULL PRIMARY KEY, "value" varchar, "created_at" datetime NOT NULL, "updated_at" datetime NOT NULL);
INSERT INTO "ar_internal_metadata" VALUES('environment','development','2018-07-31 07:19:34.799135','2018-07-31 07:19:34.799135');
CREATE TABLE "apples" ("id" integer PRIMARY KEY AUTOINCREMENT NOT NULL, "variety" varchar);
CREATE TABLE "bests_tests" ("test_id" integer NOT NULL, "best_id" integer NOT NULL);
CREATE TABLE "customers_products" ("customer_id" integer NOT NULL, "product_id" integer NOT NULL);
CREATE TABLE "examples" ("id" integer PRIMARY KEY AUTOINCREMENT NOT NULL, "name" varchar NOT NULL);
CREATE TABLE "product_1s" ("id" integer PRIMARY KEY AUTOINCREMENT NOT NULL, "name" varchar, "description" text, "created_at" datetime NOT NULL, "updated_at" datetime NOT NULL, "price" decimal(5,2), "supplier_type" varchar, "supplier_id" integer);
CREATE TABLE "tests" ("id" integer NOT NULL PRIMARY KEY, "part_number" text DEFAULT NULL, "size" varchar);
INSERT INTO "tests" VALUES(41,'Test #1','sm');
INSERT INTO "tests" VALUES(42,'Test #0','sm');
INSERT INTO "tests" VALUES(43,'Test #1','sm');
INSERT INTO "tests" VALUES(44,'12','sm');
INSERT INTO "tests" VALUES(45,'12','sm');
INSERT INTO "tests" VALUES(46,'dsa','small');
INSERT INTO "tests" VALUES(47,'dsa','small');
INSERT INTO "tests" VALUES(48,'wwws','small');
INSERT INTO "tests" VALUES(49,'usa','small');
INSERT INTO "tests" VALUES(50,'cas','small');
INSERT INTO "tests" VALUES(51,'cas','small');
INSERT INTO "tests" VALUES(52,'caaa','small');
INSERT INTO "tests" VALUES(53,'c','small');
CREATE TABLE "products" ("id" integer NOT NULL PRIMARY KEY, "name" varchar DEFAULT 'soap' NOT NULL, "description" text DEFAULT 'yes', "created_at" datetime NOT NULL, "updated_at" datetime NOT NULL, "part_number" varchar DEFAULT 'TRUE', "price" decimal DEFAULT 5.2, "approved" boolean DEFAULT '0', "test_id" integer DEFAULT NULL, "test_int" integer);
INSERT INTO "products" VALUES(1,'soap','yes','2018-08-01 05:51:55.539301','2018-08-01 07:24:29.267394','TRUE',5.2,0,NULL,NULL);
INSERT INTO "products" VALUES(2,'soap','yes','2018-08-01 05:52:17.382134','2018-08-01 07:24:29.330523','TRUE',5.2,0,NULL,NULL);
INSERT INTO "products" VALUES(3,'soap','yes','2018-08-01 10:56:43.370709','2018-08-01 10:56:43.370709','TRUE',12,0,NULL,NULL);
INSERT INTO "products" VALUES(4,'soap','yes','2018-08-01 10:56:52.049163','2018-08-01 10:56:52.049163','TRUE',12,0,NULL,NULL);
INSERT INTO "products" VALUES(5,'soap','yes','2018-08-01 10:56:57.609195','2018-08-01 10:56:57.609195','TRUE',12,0,NULL,NULL);
INSERT INTO "products" VALUES(6,'soap','yes','2018-08-01 10:57:49.182073','2018-08-01 10:57:49.182073','TRUE',12,0,NULL,NULL);
INSERT INTO "products" VALUES(7,'soap','yes','2018-08-01 11:07:54.220276','2018-08-01 11:07:54.220276','TRUE',5.2,0,NULL,NULL);
INSERT INTO "products" VALUES(8,'soap','yes','2018-08-01 11:08:04.270723','2018-08-01 11:08:04.270723','TRUE',5.2,0,NULL,NULL);
INSERT INTO "products" VALUES(9,'soap','yes','2018-08-01 11:08:29.958670','2018-08-01 11:08:29.958670','TRUE',5.2,0,NULL,NULL);
INSERT INTO "products" VALUES(10,'soap','yes','2018-08-01 11:08:48.796966','2018-08-01 11:08:48.796966','TRUE',5.2,0,NULL,NULL);
INSERT INTO "products" VALUES(11,'soap','yes','2018-08-01 11:09:09.415704','2018-08-01 11:09:09.415704','TRUE',5.2,0,NULL,NULL);
INSERT INTO "products" VALUES(12,'soap','yes','2018-08-01 11:09:13.177014','2018-08-01 11:09:13.177014','TRUE',5.2,0,NULL,NULL);
INSERT INTO "products" VALUES(13,'soap','yes','2018-08-01 11:09:18.020279','2018-08-01 11:09:18.020279','TRUE',5.2,0,NULL,NULL);
INSERT INTO "products" VALUES(14,'soap','yes','2018-08-01 11:09:25.995687','2018-08-01 11:09:25.995687','TRUE',5.2,0,NULL,NULL);
INSERT INTO "products" VALUES(15,'soap','yes','2018-08-01 12:49:57.016378','2018-08-01 12:49:57.016378','TRUE',NULL,0,NULL,NULL);
INSERT INTO "products" VALUES(16,'soap','yes','2018-08-01 13:11:54.327626','2018-08-01 13:11:54.327626','TRUE',NULL,0,NULL,NULL);
INSERT INTO "products" VALUES(17,'soap','yes','2018-08-01 14:06:58.997094','2018-08-01 14:06:58.997094','TRUE',NULL,0,NULL,NULL);
INSERT INTO "products" VALUES(18,'soap','yes','2018-08-01 14:07:53.915466','2018-08-01 14:07:53.915466','TRUE',NULL,0,NULL,NULL);
INSERT INTO "products" VALUES(19,'soap','yes','2018-08-01 15:08:17.018837','2018-08-01 15:08:17.018837','TRUE',NULL,0,NULL,12);
INSERT INTO "products" VALUES(20,'soap','yes','2018-08-02 07:09:19.768282','2018-08-02 07:09:19.768282','TRUE',12,0,NULL,12);
INSERT INTO "products" VALUES(21,'soap','yes','2018-08-02 07:09:26.577622','2018-08-02 07:09:26.577622','TRUE',14,0,NULL,12);
INSERT INTO "products" VALUES(22,'soap','yes','2018-08-02 07:09:40.456720','2018-08-02 07:09:40.456720','TRUE',14,0,NULL,121);
INSERT INTO "products" VALUES(23,'soap','yes','2018-08-02 08:03:00.261431','2018-08-03 09:16:49.770558','TRUE',141,0,NULL,121);
INSERT INTO "products" VALUES(50,'sdsa@dasd.com','yes','2018-08-10 14:16:37.409603','2018-08-10 14:16:37.409603','TRUE',5.2,0,NULL,102);
INSERT INTO "products" VALUES(59,'sdsa@dasd.com','yes','2018-08-10 14:17:40.970085','2018-08-10 14:17:40.970085','TRUE',5.2,0,NULL,1012);
CREATE TABLE "users" ("id" integer PRIMARY KEY AUTOINCREMENT NOT NULL, "name" varchar, "login" varchar, "email" varchar, "location" varchar);
INSERT INTO "users" VALUES(18,NULL,NULL,'dabkjs',NULL);
CREATE TABLE "authors" ("id" integer PRIMARY KEY AUTOINCREMENT NOT NULL, "name" varchar, "created_at" datetime NOT NULL, "updated_at" datetime NOT NULL, "books_count" integer);
INSERT INTO "authors" VALUES(3,NULL,'2018-08-08 13:08:25.044487','2018-08-09 07:13:06.051974',5);
INSERT INTO "authors" VALUES(4,NULL,'2018-08-08 13:08:38.156848','2018-08-09 07:13:06.118013',1);
INSERT INTO "authors" VALUES(5,NULL,'2018-08-08 13:09:08.946882','2018-08-09 07:13:06.184226',1);
INSERT INTO "authors" VALUES(6,NULL,'2018-08-09 06:25:29.629789','2018-08-09 07:13:06.250810',1);
INSERT INTO "authors" VALUES(7,'andu','2018-08-09 06:26:24.943208','2018-08-09 07:13:06.326148',1);
CREATE TABLE "books" ("id" integer PRIMARY KEY AUTOINCREMENT NOT NULL, "author_id" integer, "published_at" datetime, "created_at" datetime NOT NULL, "updated_at" datetime NOT NULL);
INSERT INTO "books" VALUES(3,5,'2018-08-08 13:03:27.598526','2018-08-08 13:03:27.636252','2018-08-08 13:09:09.009689');
INSERT INTO "books" VALUES(5,3,NULL,'2018-08-08 13:08:25.146097','2018-08-08 13:08:25.146097');
INSERT INTO "books" VALUES(6,4,NULL,'2018-08-08 13:08:38.220785','2018-08-08 13:08:38.220785');
INSERT INTO "books" VALUES(7,3,NULL,'2018-08-08 13:08:50.864949','2018-08-08 13:08:50.864949');
INSERT INTO "books" VALUES(8,3,NULL,'2018-08-08 13:17:10.200748','2018-08-08 13:17:10.200748');
INSERT INTO "books" VALUES(9,6,NULL,'2018-08-09 06:25:29.645477','2018-08-09 06:25:29.645477');
INSERT INTO "books" VALUES(10,7,NULL,'2018-08-09 06:26:24.947437','2018-08-09 06:35:30.074335');
INSERT INTO "books" VALUES(11,3,NULL,'2018-08-09 06:54:44.924045','2018-08-09 06:54:44.924045');
INSERT INTO "books" VALUES(12,3,NULL,'2018-08-09 07:31:12.266246','2018-08-09 07:31:12.266246');
CREATE TABLE "suppliers" ("id" integer PRIMARY KEY AUTOINCREMENT NOT NULL, "name" varchar, "created_at" datetime NOT NULL, "updated_at" datetime NOT NULL);
INSERT INTO "suppliers" VALUES(1,NULL,'2018-08-07 07:24:18.033686','2018-08-07 07:24:18.033686');
INSERT INTO "suppliers" VALUES(2,NULL,'2018-08-07 07:26:16.286527','2018-08-07 07:26:16.286527');
INSERT INTO "suppliers" VALUES(3,NULL,'2018-08-08 09:30:08.570655','2018-08-08 09:30:08.570655');
CREATE TABLE "accounts" ("id" integer PRIMARY KEY AUTOINCREMENT NOT NULL, "account_number" varchar, "created_at" datetime NOT NULL, "updated_at" datetime NOT NULL, "supplier_id" integer, CONSTRAINT "fk_rails_530e87101a"
FOREIGN KEY ("supplier_id")
  REFERENCES "suppliers" ("id")
);
INSERT INTO "accounts" VALUES(1,NULL,'2018-08-07 07:29:53.940166','2018-08-07 07:29:53.940166',2);
CREATE TABLE "appointments" ("id" integer PRIMARY KEY AUTOINCREMENT NOT NULL, "physician_id" integer, "patient_id" integer, "appointment_date" datetime, "created_at" datetime NOT NULL, "updated_at" datetime NOT NULL);
INSERT INTO "appointments" VALUES(17,2,2,NULL,'2018-08-07 09:54:26.484067','2018-08-07 09:54:26.484067');
INSERT INTO "appointments" VALUES(18,1,2,NULL,'2018-08-07 11:45:39.810446','2018-08-07 11:45:39.810446');
CREATE TABLE "patients" ("id" integer PRIMARY KEY AUTOINCREMENT NOT NULL, "name" varchar, "created_at" datetime NOT NULL, "updated_at" datetime NOT NULL);
INSERT INTO "patients" VALUES(1,'jasp','2018-08-07 09:21:42.420331','2018-08-07 09:21:42.420331');
INSERT INTO "patients" VALUES(2,'akshay','2018-08-07 09:21:47.718050','2018-08-07 09:21:47.718050');
CREATE TABLE "physicians" ("id" integer PRIMARY KEY AUTOINCREMENT NOT NULL, "name" varchar, "created_at" datetime NOT NULL, "updated_at" datetime NOT NULL);
INSERT INTO "physicians" VALUES(1,'mansik','2018-08-07 09:21:56.644722','2018-08-07 09:21:56.644722');
INSERT INTO "physicians" VALUES(2,'bimar','2018-08-07 09:22:00.894640','2018-08-07 09:22:00.894640');
CREATE TABLE "documents" ("id" integer PRIMARY KEY AUTOINCREMENT NOT NULL, "name" varchar, "created_at" datetime NOT NULL, "updated_at" datetime NOT NULL);
INSERT INTO "documents" VALUES(1,'rails','2018-08-07 10:30:48.923456','2018-08-07 10:32:19.497148');
CREATE TABLE "paragraphs" ("id" integer PRIMARY KEY AUTOINCREMENT NOT NULL, "created_at" datetime NOT NULL, "updated_at" datetime NOT NULL, "name" varchar, "content" varchar, "section_id" integer, CONSTRAINT "fk_rails_9bd6b24ac1"
FOREIGN KEY ("section_id")
  REFERENCES "sections" ("id")
);
INSERT INTO "paragraphs" VALUES(1,'2018-08-07 10:34:40.110817','2018-08-07 10:34:40.110817','start kr raha hu','kr de kiska wait kr raha hai',1);
INSERT INTO "paragraphs" VALUES(2,'2018-08-07 10:35:08.430366','2018-08-07 10:35:08.430366','2nd topic','ye to second topic hai',1);
INSERT INTO "paragraphs" VALUES(3,'2018-08-07 10:37:39.914213','2018-08-07 10:37:39.914213','kitna ho gaya','bas chalu hi kiya hai',2);
INSERT INTO "paragraphs" VALUES(4,'2018-08-09 12:26:41.556669','2018-08-09 12:26:41.556669','s',NULL,2);
CREATE TABLE "sections" ("id" integer PRIMARY KEY AUTOINCREMENT NOT NULL, "created_at" datetime NOT NULL, "updated_at" datetime NOT NULL, "name" varchar, "document_id" integer, CONSTRAINT "fk_rails_a6d8273870"
FOREIGN KEY ("document_id")
  REFERENCES "documents" ("id")
);
INSERT INTO "sections" VALUES(1,'2018-08-07 10:33:29.376737','2018-08-09 13:06:08.185287','getting started',1);
INSERT INTO "sections" VALUES(2,'2018-08-07 10:37:00.721718','2018-08-09 13:06:08.189533','ashoki hai ton',1);
INSERT INTO "sections" VALUES(3,'2018-08-10 06:26:44.880175','2018-08-10 06:26:44.880175','ashoki hai ton',1);
CREATE TABLE "assemblies_parts" ("id" integer PRIMARY KEY AUTOINCREMENT NOT NULL, "assembly_id" integer, "part_id" integer, "created_at" datetime NOT NULL, "updated_at" datetime NOT NULL);
INSERT INTO "assemblies_parts" VALUES(1,1,1,'2018-08-07 11:41:44.990190','2018-08-07 11:41:44.990190');
INSERT INTO "assemblies_parts" VALUES(2,1,1,'2018-08-07 11:54:53.139151','2018-08-07 11:54:53.139151');
INSERT INTO "assemblies_parts" VALUES(3,1,1,'2018-08-07 11:59:26.304612','2018-08-07 11:59:26.304612');
CREATE TABLE "assemblies" ("id" integer PRIMARY KEY AUTOINCREMENT NOT NULL, "created_at" datetime NOT NULL, "updated_at" datetime NOT NULL, "name" varchar);
INSERT INTO "assemblies" VALUES(1,'2018-08-07 11:41:41.222769','2018-08-07 11:41:41.222769',NULL);
CREATE TABLE "parts" ("id" integer PRIMARY KEY AUTOINCREMENT NOT NULL, "created_at" datetime NOT NULL, "updated_at" datetime NOT NULL, "name" varchar);
INSERT INTO "parts" VALUES(1,'2018-08-07 11:41:44.987267','2018-08-07 11:41:44.987267',NULL);
CREATE TABLE "pictures" ("id" integer PRIMARY KEY AUTOINCREMENT NOT NULL, "name" varchar, "imageable_type" varchar, "imageable_id" integer, "created_at" datetime NOT NULL, "updated_at" datetime NOT NULL);
INSERT INTO "pictures" VALUES(1,'Picture-1','Employee',1,'2018-08-07 14:01:31.268095','2018-08-07 14:01:31.268095');
INSERT INTO "pictures" VALUES(2,'jasp.jpg','Employee',1,'2018-08-07 14:16:59.804879','2018-08-07 14:16:59.804879');
INSERT INTO "pictures" VALUES(3,'akk.jpg','Item',1,'2018-08-07 14:22:25.434233','2018-08-07 14:22:25.434233');
CREATE TABLE "employees" ("id" integer PRIMARY KEY AUTOINCREMENT NOT NULL, "name" varchar, "created_at" datetime NOT NULL, "updated_at" datetime NOT NULL);
INSERT INTO "employees" VALUES(1,'Test','2018-08-07 14:00:59.712398','2018-08-07 14:00:59.712398');
CREATE TABLE "items" ("id" integer PRIMARY KEY AUTOINCREMENT NOT NULL, "name" varchar, "created_at" datetime NOT NULL, "updated_at" datetime NOT NULL);
INSERT INTO "items" VALUES(1,'biscuit','2018-08-07 14:22:10.517492','2018-08-07 14:22:10.517492');
CREATE TABLE "workers" ("id" integer PRIMARY KEY AUTOINCREMENT NOT NULL, "manager_id" integer, "created_at" datetime NOT NULL, "updated_at" datetime NOT NULL);
INSERT INTO "workers" VALUES(1,1,'2018-08-07 14:56:10.869162','2018-08-07 14:56:10.895875');
INSERT INTO "workers" VALUES(2,1,'2018-08-07 14:56:47.629480','2018-08-07 14:56:47.629480');
INSERT INTO "workers" VALUES(3,2,'2018-08-07 14:57:02.397588','2018-08-07 14:57:02.397588');
CREATE TABLE "jasps" ("id" integer PRIMARY KEY AUTOINCREMENT NOT NULL, "created_at" datetime NOT NULL, "updated_at" datetime NOT NULL);
INSERT INTO "jasps" VALUES(1,'2018-08-10 14:35:17.029028','2018-08-10 14:35:17.029028');
CREATE TABLE "vehicles" ("id" integer PRIMARY KEY AUTOINCREMENT NOT NULL, "type" varchar, "color" varchar, "price" decimal(10,2), "created_at" datetime NOT NULL, "updated_at" datetime NOT NULL);
INSERT INTO "vehicles" VALUES(1,'Car',NULL,NULL,'2018-08-10 10:10:05.464553','2018-08-10 10:10:05.464553');
CREATE TABLE "jaspreets" ("id" integer PRIMARY KEY AUTOINCREMENT NOT NULL, "created_at" datetime NOT NULL, "updated_at" datetime NOT NULL, "jasp_id" integer);
DELETE FROM sqlite_sequence;
INSERT INTO "sqlite_sequence" VALUES('users',18);
INSERT INTO "sqlite_sequence" VALUES('authors',7);
INSERT INTO "sqlite_sequence" VALUES('books',12);
INSERT INTO "sqlite_sequence" VALUES('suppliers',3);
INSERT INTO "sqlite_sequence" VALUES('accounts',1);
INSERT INTO "sqlite_sequence" VALUES('patients',2);
INSERT INTO "sqlite_sequence" VALUES('physicians',2);
INSERT INTO "sqlite_sequence" VALUES('appointments',18);
INSERT INTO "sqlite_sequence" VALUES('documents',1);
INSERT INTO "sqlite_sequence" VALUES('sections',3);
INSERT INTO "sqlite_sequence" VALUES('paragraphs',4);
INSERT INTO "sqlite_sequence" VALUES('assemblies',1);
INSERT INTO "sqlite_sequence" VALUES('parts',1);
INSERT INTO "sqlite_sequence" VALUES('assemblies_parts',3);
INSERT INTO "sqlite_sequence" VALUES('employees',1);
INSERT INTO "sqlite_sequence" VALUES('pictures',3);
INSERT INTO "sqlite_sequence" VALUES('items',1);
INSERT INTO "sqlite_sequence" VALUES('workers',3);
INSERT INTO "sqlite_sequence" VALUES('vehicles',1);
INSERT INTO "sqlite_sequence" VALUES('jasps',1);
CREATE INDEX "index_bests_tests_on_best_id" ON "bests_tests" ("best_id");
CREATE INDEX "index_bests_tests_on_test_id" ON "bests_tests" ("test_id");
CREATE INDEX "index_product_1s_on_supplier_type_and_supplier_id" ON "product_1s" ("supplier_type", "supplier_id");
CREATE INDEX "index_tests_on_part_number" ON "tests" ("part_number");
CREATE INDEX "index_products_on_test_id" ON "products" ("test_id");
CREATE INDEX "index_books_on_author_id" ON "books" ("author_id");
CREATE UNIQUE INDEX "index_accounts_on_supplier_id" ON "accounts" ("supplier_id");
CREATE INDEX "index_appointments_on_physician_id" ON "appointments" ("physician_id");
CREATE INDEX "index_appointments_on_patient_id" ON "appointments" ("patient_id");
CREATE INDEX "index_paragraphs_on_section_id" ON "paragraphs" ("section_id");
CREATE INDEX "index_sections_on_document_id" ON "sections" ("document_id");
CREATE INDEX "index_assemblies_parts_on_assembly_id" ON "assemblies_parts" ("assembly_id");
CREATE INDEX "index_assemblies_parts_on_part_id" ON "assemblies_parts" ("part_id");
CREATE INDEX "index_pictures_on_imageable_type_and_imageable_id" ON "pictures" ("imageable_type", "imageable_id");
CREATE INDEX "index_workers_on_manager_id" ON "workers" ("manager_id");
COMMIT;
